GeneID,DegreeCentrality,Betweenness
DIP-358N,0.0062402496099844,0.0
DIP-33878N,0.0015600624024961,0.0
DIP-60188N,0.0031201248049922,0.0003656396255850234
DIP-39378N,0.0015600624024961,0.0
DIP-61133N,0.0015600624024961,0.0
DIP-61212N,0.0031201248049922,4.875195007800312e-06
DIP-5717N,0.0124804992199688,0.0032322542901716067
DIP-60781N,0.0046801872074883,0.0017916341653666146
DIP-33098N,0.0046801872074883,0.00025107254290171607
DIP-29227N,0.0015600624024961,0.0
DIP-60682N,0.0015600624024961,0.0
DIP-33299N,0.0031201248049922,0.0
DIP-48643N,0.0031201248049922,0.0
DIP-6073N,0.0015600624024961,0.0
DIP-60985N,0.0046801872074883,0.0
DIP-29842N,0.0093603744149766,7.312792511700468e-05
DIP-310N,0.0015600624024961,0.0
DIP-48448N,0.0015600624024961,0.0
DIP-61143N,0.0015600624024961,0.0
DIP-46498N,0.0015600624024961,0.0
DIP-251N,0.0031201248049922,1.4625585023400937e-05
DIP-29528N,0.0171606864274571,0.00046314352574102966
DIP-46160N,0.0015600624024961,0.0
DIP-39067N,0.0015600624024961,0.0
DIP-5929N,0.0015600624024961,0.0
DIP-31275N,0.0015600624024961,0.0
DIP-61N,0.0015600624024961,0.0
DIP-5967N,0.0015600624024961,0.0
DIP-48702N,0.0015600624024961,0.0
DIP-29020N,0.0015600624024961,0.0
DIP-29452N,0.0015600624024961,0.0
DIP-48942N,0.0015600624024961,0.0
DIP-607N,0.0015600624024961,0.0
DIP-59867N,0.0015600624024961,0.0
DIP-35503N,0.0078003120124804995,0.0
DIP-60342N,0.0031201248049922,0.0
DIP-180N,0.0015600624024961,0.0
DIP-58641N,0.0015600624024961,0.0
DIP-59956N,0.0015600624024961,0.0
DIP-6042N,0.0015600624024961,0.0
DIP-231N,0.0015600624024961,0.0
DIP-58987N,0.0015600624024961,0.0
DIP-6074N,0.0015600624024961,0.0
DIP-6132N,0.0015600624024961,0.0
DIP-46284N,0.0,0.0
DIP-29750N,0.0015600624024961,0.0
DIP-46058N,0.0031201248049922,0.0
DIP-29205N,0.0124804992199688,0.0002583853354134165
DIP-41330N,0.0031201248049922,0.0
DIP-59420N,0.0015600624024961,0.0
DIP-33401N,0.0015600624024961,0.0
DIP-44866N,0.0031201248049922,4.875195007800312e-06
DIP-59095N,0.0015600624024961,0.0
DIP-59169N,0.0015600624024961,0.0
DIP-31950N,0.0015600624024961,0.0
DIP-5719N,0.0015600624024961,0.0
DIP-58547N,0.0015600624024961,0.0
DIP-17015N,0.0015600624024961,0.0
DIP-46500N,0.0046801872074883,0.00042414196567862713
DIP-268N,0.0015600624024961,0.0
DIP-36882N,0.0015600624024961,0.0
DIP-2863N,0.0046801872074883,0.00037051482059282374
DIP-48689N,0.0046801872074883,1.4625585023400937e-05
DIP-61323N,0.0015600624024961,0.0
DIP-653N,0.0031201248049922,5.850234009360375e-05
DIP-58548N,0.0015600624024961,0.0
DIP-59092N,0.0015600624024961,0.0
DIP-5789N,0.0015600624024961,0.0
DIP-46211N,0.0015600624024961,0.0
DIP-41029N,0.0015600624024961,0.0
DIP-517N,0.0046801872074883,1.4625585023400937e-05
DIP-685N,0.0015600624024961,0.0
DIP-947N,0.0031201248049922,0.0
DIP-39763N,0.0015600624024961,0.0
DIP-1258N,0.0031201248049922,4.875195007800312e-06
DIP-44832N,0.0031201248049922,4.875195007800312e-06
DIP-6113N,0.0015600624024961,0.0
DIP-29257N,0.0,0.0
DIP-29351N,0.0078003120124804995,0.00021938377535101405
DIP-59370N,0.0015600624024961,0.0
DIP-29906N,0.0015600624024961,0.0
DIP-60964N,0.0015600624024961,0.0
DIP-29049N,0.0015600624024961,0.0
DIP-60186N,0.0015600624024961,0.0
DIP-29974N,0.0015600624024961,0.0
DIP-491N,0.0015600624024961,0.0
DIP-46857N,0.0015600624024961,0.0
DIP-60304N,0.0015600624024961,0.0
DIP-33275N,0.0062402496099844,0.0007166536661466459
DIP-661N,0.0015600624024961,0.0
DIP-46120N,0.0015600624024961,0.0
DIP-29065N,0.0015600624024961,0.0
DIP-30929N,0.0124804992199688,0.0022425897035881436
DIP-60962N,0.0031201248049922,4.875195007800312e-06
DIP-48941N,0.0015600624024961,0.0
DIP-40510N,0.0015600624024961,0.0
DIP-5994N,0.0078003120124804995,0.0002047581903276131
DIP-60739N,0.0031201248049922,0.0
DIP-32216N,0.0015600624024961,0.0
DIP-46236N,0.0031201248049922,0.0
DIP-61213N,0.0015600624024961,0.0
DIP-29846N,0.0015600624024961,0.0
DIP-59090N,0.0202808112324493,0.00038026521060842433
DIP-40821N,0.0015600624024961,0.0
DIP-29764N,0.0015600624024961,0.0
DIP-60385N,0.0015600624024961,0.0
DIP-29911N,0.0015600624024961,0.0
DIP-60007N,0.0,0.0
DIP-60741N,0.0031201248049922,4.875195007800312e-06
DIP-5963N,0.0078003120124804995,0.00029738689547581905
DIP-1005N,0.0015600624024961,0.0
DIP-29638N,0.0015600624024961,0.0
DIP-1072N,0.0015600624024961,0.0
DIP-603N,0.0031201248049922,0.0
DIP-48424N,0.0015600624024961,0.0
DIP-29590N,0.0062402496099844,0.00019013260530421216
DIP-61264N,0.0015600624024961,0.0
DIP-46316N,0.0015600624024961,0.0
DIP-48659N,0.0015600624024961,0.0
DIP-53082N,0.0015600624024961,0.0
DIP-49003N,0.0015600624024961,0.0
DIP-403N,0.0015600624024961,0.0
DIP-61121N,0.0031201248049922,0.0
DIP-46016N,0.0015600624024961,0.0
DIP-61286N,0.0015600624024961,0.0
DIP-383N,0.0015600624024961,0.0
DIP-57168N,0.0046801872074883,1.4625585023400937e-05
DIP-37260N,0.0015600624024961,0.0
DIP-33696N,0.0031201248049922,0.0
DIP-58553N,0.0015600624024961,0.0
DIP-29686N,0.0015600624024961,0.0
DIP-46241N,0.0015600624024961,0.0
DIP-175N,0.0015600624024961,0.0
DIP-6082N,0.0015600624024961,0.0
DIP-105N,0.0015600624024961,0.0
DIP-36674N,0.0015600624024961,0.0
DIP-29529N,0.0015600624024961,0.0
DIP-666N,0.0015600624024961,0.0
DIP-736N,0.0015600624024961,0.0
DIP-40038N,0.0015600624024961,0.0
DIP-34793N,0.0109204368174727,0.00022425897035881434
DIP-41167N,0.0015600624024961,0.0
DIP-36293N,0.0015600624024961,0.0
DIP-60874N,0.0015600624024961,0.0
DIP-48796N,0.0015600624024961,0.0
DIP-61291N,0.0015600624024961,0.0
DIP-37175N,0.0031201248049922,0.0
DIP-41587N,0.0015600624024961,0.0
DIP-1899N,0.0015600624024961,0.0
DIP-61630N,0.0015600624024961,0.0
DIP-6137N,0.0015600624024961,0.0
DIP-60751N,0.0015600624024961,0.0
DIP-29878N,0.0015600624024961,0.0
DIP-5979N,0.0015600624024961,0.0
DIP-40985N,0.0109204368174727,0.0012553627145085804
DIP-60265N,0.0031201248049922,9.750390015600624e-06
DIP-2660N,0.0031201248049922,0.0
DIP-37054N,0.0015600624024961,0.0
DIP-31794N,0.0078003120124804995,8.28783151326053e-05
DIP-29118N,0.0015600624024961,0.0
DIP-29255N,0.0015600624024961,0.0
DIP-31532N,0.0015600624024961,0.0
DIP-46060N,0.0046801872074883,2.9251170046801874e-05
DIP-48600N,0.0031201248049922,0.0
DIP-24206N,0.0015600624024961,0.0
DIP-48892N,0.0031201248049922,0.0
DIP-66N,0.0015600624024961,0.0
DIP-48683N,0.0015600624024961,0.0
DIP-74N,0.0031201248049922,4.875195007800312e-06
DIP-59208N,0.0015600624024961,0.0
DIP-33953N,0.0031201248049922,0.0
DIP-604N,0.0015600624024961,0.0
DIP-48411N,0.0,0.0
DIP-41833N,0.0015600624024961,0.0
DIP-46364N,0.0031201248049922,0.0
DIP-2658N,0.0015600624024961,0.0
DIP-41142N,0.0,0.0
DIP-35502N,0.0046801872074883,0.0
DIP-40738N,0.0031201248049922,4.875195007800312e-06
DIP-40957N,0.0031201248049922,4.875195007800312e-06
DIP-40808N,0.0062402496099844,2.9251170046801874e-05
DIP-41952N,0.0015600624024961,0.0
DIP-29863N,0.0062402496099844,2.9251170046801874e-05
DIP-61122N,0.0015600624024961,0.0
DIP-476N,0.0031201248049922,8.775351014040561e-05
DIP-38519N,0.0015600624024961,0.0
DIP-59957N,0.0015600624024961,0.0
DIP-1050N,0.0015600624024961,0.0
DIP-46151N,0.0015600624024961,0.0
DIP-271N,0.0015600624024961,0.0
DIP-55974N,0.0015600624024961,0.0
DIP-29776N,0.0015600624024961,0.0
DIP-41048N,0.0015600624024961,0.0
DIP-40508N,0.0015600624024961,0.0
DIP-60381N,0.0015600624024961,0.0
DIP-1031N,0.0015600624024961,0.0
DIP-29264N,0.0046801872074883,1.4625585023400937e-05
DIP-30978N,0.0,0.0
DIP-1048N,0.0062402496099844,3.656396255850234e-05
DIP-33263N,0.0062402496099844,2.437597503900156e-05
DIP-2659N,0.0015600624024961,0.0
DIP-41937N,0.0,0.0
DIP-61146N,0.0015600624024961,0.0
DIP-5790N,0.0031201248049922,4.875195007800312e-06
DIP-59091N,0.0015600624024961,0.0
DIP-41145N,0.0015600624024961,0.0
DIP-44707N,0.0015600624024961,0.0
DIP-60097N,0.0015600624024961,0.0
DIP-599N,0.0015600624024961,0.0
DIP-30977N,0.0031201248049922,0.0
DIP-29864N,0.0015600624024961,0.0
DIP-446N,0.0015600624024961,0.0
DIP-59840N,0.0015600624024961,0.0
DIP-29761N,0.0218408736349454,0.004587558502340093
DIP-682N,0.0046801872074883,0.00038026521060842433
DIP-5968N,0.0015600624024961,0.0
DIP-6138N,0.0015600624024961,0.0
DIP-29229N,0.0015600624024961,0.0
DIP-28140N,0.0031201248049922,4.875195007800312e-06
DIP-29192N,0.0015600624024961,0.0
DIP-60171N,0.0015600624024961,0.0
DIP-29246N,0.0015600624024961,0.0
DIP-46159N,0.0015600624024961,0.0
DIP-60794N,0.0,0.0
DIP-35702N,0.0015600624024961,0.0
DIP-2904N,0.0,0.0
DIP-60185N,0.0031201248049922,0.000187695007800312
DIP-46455N,0.0015600624024961,0.0
DIP-42782N,0.0031201248049922,0.0
DIP-29907N,0.0031201248049922,4.875195007800312e-06
DIP-61686N,0.0015600624024961,0.0
DIP-29064N,0.0093603744149766,0.00093603744149766
DIP-674N,0.0109204368174727,0.00014138065522620904
DIP-44935N,0.0015600624024961,0.0
DIP-5712N,0.0031201248049922,0.0
DIP-2995N,0.0015600624024961,0.0
DIP-5716N,0.0093603744149766,0.0005606474258970359
DIP-40709N,0.0,0.0
DIP-37179N,0.0031201248049922,4.875195007800312e-06
DIP-448N,0.0015600624024961,0.0
DIP-37290N,0.0,0.0
DIP-46408N,0.0015600624024961,0.0
DIP-1N,0.0031201248049922,4.875195007800312e-06
DIP-1136N,0.0015600624024961,0.0
DIP-29910N,0.0015600624024961,0.0
DIP-46289N,0.0015600624024961,0.0
DIP-61629N,0.0015600624024961,0.0
DIP-766N,0.0078003120124804995,0.00016819422776911076
DIP-784N,0.0015600624024961,0.0
DIP-29765N,0.0078003120124804995,0.00025107254290171607
DIP-60384N,0.0031201248049922,0.0
DIP-29639N,0.0046801872074883,0.00046801872074883
DIP-488N,0.0031201248049922,0.0
DIP-60740N,0.0031201248049922,0.0
DIP-1073N,0.0046801872074883,2.437597503900156e-05
DIP-36896N,0.0078003120124804995,0.001733131825273011
DIP-41827N,0.0015600624024961,0.0
DIP-59094N,0.0015600624024961,0.0
DIP-48425N,0.0015600624024961,0.0
DIP-36916N,0.0015600624024961,0.0
DIP-33271N,0.0,0.0
DIP-641N,0.0015600624024961,0.0
DIP-29867N,0.0015600624024961,0.0
DIP-22N,0.0015600624024961,0.0
DIP-34427N,0.0015600624024961,0.0
DIP-37019N,0.0062402496099844,0.00020963338533541343
DIP-29877N,0.0015600624024961,0.0
DIP-5965N,0.0015600624024961,0.0
DIP-29727N,0.0015600624024961,0.0
DIP-59845N,0.0015600624024961,0.0
DIP-56069N,0.0031201248049922,0.0
DIP-61137N,0.0015600624024961,0.0
DIP-259N,0.0015600624024961,0.0
DIP-29208N,0.0124804992199688,0.0018623244929797192
DIP-36918N,0.0015600624024961,0.0
DIP-29715N,0.0031201248049922,4.875195007800312e-06
DIP-41967N,0.0,0.0
DIP-60770N,0.0015600624024961,0.0
DIP-29695N,0.0015600624024961,0.0
DIP-48977N,0.0015600624024961,0.0
DIP-60266N,0.0015600624024961,0.0
DIP-61308N,0.0015600624024961,0.0
DIP-37338N,0.0015600624024961,0.0
DIP-33948N,0.0015600624024961,0.0
DIP-487N,0.0015600624024961,0.0
DIP-208N,0.0015600624024961,0.0
DIP-36966N,0.0015600624024961,0.0
DIP-44817N,0.0,0.0
DIP-46210N,0.0015600624024961,0.0
DIP-58549N,0.0015600624024961,0.0
DIP-37312N,0.0015600624024961,0.0
DIP-46027N,0.0015600624024961,0.0
DIP-502N,0.0015600624024961,0.0
DIP-44064N,0.0015600624024961,0.0
DIP-60851N,0.0015600624024961,0.0
DIP-61631N,0.0015600624024961,0.0
DIP-46811N,0.0031201248049922,3.412636505460219e-05
DIP-33949N,0.0015600624024961,0.0
DIP-42185N,0.0015600624024961,0.0
DIP-29775N,0.0015600624024961,0.0
DIP-46222N,0.0015600624024961,0.0
DIP-347N,0.0046801872074883,0.0
DIP-29840N,0.0015600624024961,0.0
DIP-60987N,0.0031201248049922,0.0
DIP-40850N,0.0015600624024961,0.0
DIP-48903N,0.0015600624024961,0.0
DIP-6130N,0.0015600624024961,0.0
DIP-59866N,0.0031201248049922,4.875195007800312e-06
DIP-37053N,0.0046801872074883,4.875195007800312e-05
DIP-186N,0.0015600624024961,0.0
DIP-44909N,0.0062402496099844,2.6813572542901716e-05
DIP-29400N,0.0,0.0
DIP-30985N,0.0015600624024961,0.0
DIP-29117N,0.0109204368174727,0.00013163026521060842
DIP-5718N,0.0062402496099844,0.00027788611544461776
DIP-30996N,0.0015600624024961,0.0
DIP-36536N,0.0015600624024961,0.0
DIP-46407N,0.0015600624024961,0.0
DIP-60303N,0.0015600624024961,0.0
DIP-46057N,0.0031201248049922,0.0
DIP-60140N,0.0015600624024961,0.0
DIP-37029N,0.0062402496099844,0.00010237909516380655
DIP-36948N,0.0015600624024961,0.0
DIP-32642N,0.0031201248049922,0.0
DIP-5720N,0.0015600624024961,0.0
DIP-5855N,0.0015600624024961,0.0
DIP-37656N,0.0015600624024961,0.0
DIP-41779N,0.0031201248049922,4.875195007800312e-06
DIP-31568N,0.0015600624024961,0.0
DIP-29029N,0.0,0.0
DIP-35686N,0.0015600624024961,0.0
DIP-24269N,0.0015600624024961,0.0
DIP-40944N,0.0015600624024961,0.0
DIP-60380N,0.0015600624024961,0.0
DIP-37505N,0.0015600624024961,0.0
DIP-28138N,0.0015600624024961,0.0
DIP-41399N,0.0015600624024961,0.0
DIP-46502N,0.0015600624024961,0.0
DIP-2861N,0.0015600624024961,0.0
DIP-211N,0.0015600624024961,0.0
DIP-32990N,0.0031201248049922,1.4625585023400937e-05
DIP-37896N,0.0015600624024961,0.0
DIP-61522N,0.0,0.0
DIP-527N,0.0015600624024961,0.0
DIP-42785N,0.0015600624024961,0.0
DIP-59128N,0.0015600624024961,0.0
DIP-41193N,0.0015600624024961,0.0
DIP-645N,0.0015600624024961,0.0
DIP-54818N,0.0046801872074883,0.0
DIP-29762N,0.0015600624024961,0.0
DIP-28143N,0.0015600624024961,0.0
DIP-473N,0.0015600624024961,0.0
DIP-41481N,0.0031201248049922,4.875195007800312e-06
DIP-61307N,0.0015600624024961,0.0
DIP-44925N,0.0015600624024961,0.0
DIP-61285N,0.0015600624024961,0.0
DIP-46242N,0.0015600624024961,0.0
DIP-58552N,0.0015600624024961,0.0
DIP-878N,0.0015600624024961,0.0
DIP-60524N,0.0015600624024961,0.0
DIP-48447N,0.0015600624024961,0.0
DIP-52N,0.0015600624024961,0.0
DIP-60262N,0.0031201248049922,4.875195007800312e-06
DIP-46162N,0.0015600624024961,0.0
DIP-48601N,0.0031201248049922,0.0
DIP-29532N,0.0,0.0
DIP-61094N,0.0031201248049922,3.412636505460219e-05
DIP-46229N,0.0015600624024961,0.0
DIP-60508N,0.0015600624024961,0.0
DIP-1007N,0.0015600624024961,0.0
DIP-56949N,0.0,0.0
DIP-61214N,0.0015600624024961,0.0
DIP-57088N,0.0015600624024961,0.0
DIP-5715N,0.0124804992199688,0.001455245709828393
DIP-29399N,0.0015600624024961,0.0
DIP-29844N,0.0015600624024961,0.0
DIP-60983N,0.0046801872074883,2.437597503900156e-05
DIP-59341N,0.0015600624024961,0.0
DIP-58551N,0.0015600624024961,0.0
DIP-58554N,0.0015600624024961,0.0
DIP-59045N,0.0015600624024961,0.0
DIP-60747N,0.0031201248049922,0.0
DIP-42731N,0.0031201248049922,0.0001170046801872075
DIP-58640N,0.0015600624024961,0.0
DIP-60657N,0.0,0.0
DIP-31951N,0.0031201248049922,4.875195007800312e-06
DIP-46145N,0.0015600624024961,0.0
DIP-77N,0.0015600624024961,0.0
DIP-48891N,0.0031201248049922,0.0
DIP-29592N,0.0015600624024961,0.0
DIP-34766N,0.0015600624024961,0.0
DIP-138N,0.0078003120124804995,4.875195007800312e-05
DIP-30954N,0.0015600624024961,0.0
DIP-41143N,0.0,0.0
DIP-368N,0.0015600624024961,0.0
DIP-48406N,0.0,0.0
DIP-29862N,0.0015600624024961,0.0
DIP-41432N,0.0046801872074883,5.362714508580343e-05
DIP-1045N,0.0046801872074883,0.0
DIP-58986N,0.0015600624024961,0.0
DIP-6040N,0.0015600624024961,0.0
DIP-59600N,0.0015600624024961,0.0
DIP-38518N,0.0015600624024961,0.0
DIP-305N,0.0015600624024961,0.0
DIP-37188N,0.0015600624024961,0.0
DIP-6001N,0.0015600624024961,0.0
DIP-32976N,0.0015600624024961,0.0
DIP-36927N,0.0015600624024961,0.0
DIP-48909N,0.0015600624024961,0.0
DIP-60789N,0.0015600624024961,0.0
DIP-47809N,0.0031201248049922,4.875195007800312e-06
DIP-58550N,0.0015600624024961,0.0
DIP-48721N,0.0031201248049922,0.0
DIP-480N,0.0031201248049922,3.9001560062402496e-05
DIP-48602N,0.0031201248049922,0.0
DIP-664N,0.0046801872074883,7.312792511700468e-05
DIP-588N,0.0031201248049922,7.312792511700468e-05
DIP-30883N,0.0015600624024961,0.0
DIP-36947N,0.0031201248049922,0.0
DIP-37970N,0.0015600624024961,0.0
DIP-608N,0.0015600624024961,0.0
DIP-30919N,0.0015600624024961,0.0
DIP-6139N,0.0015600624024961,0.0
DIP-6247N,0.0015600624024961,0.0
DIP-47657N,0.0015600624024961,0.0
DIP-61632N,0.0046801872074883,1.4625585023400937e-05
DIP-6140N,0.0015600624024961,0.0
DIP-29191N,0.0046801872074883,0.00011212948517940717
DIP-38195N,0.0031201248049922,4.875195007800312e-06
DIP-29245N,0.0015600624024961,0.0
DIP-43906N,0.0015600624024961,0.0
DIP-95N,0.0031201248049922,3.9001560062402496e-05
DIP-5932N,0.0015600624024961,0.0
DIP-59135N,0.0015600624024961,0.0
DIP-261N,0.0015600624024961,0.0
DIP-164N,0.0046801872074883,6.337753510140405e-05
DIP-6248N,0.0015600624024961,0.0
DIP-60184N,0.0031201248049922,0.000187695007800312
DIP-289N,0.0046801872074883,0.0
DIP-33091N,0.0015600624024961,0.0
DIP-60850N,0.0015600624024961,0.0
DIP-60704N,0.0046801872074883,0.000375390015600624
DIP-555N,0.0046801872074883,2.437597503900156e-05
DIP-59688N,0.0015600624024961,0.0
DIP-37278N,0.0015600624024961,0.0
DIP-57338N,0.0015600624024961,0.0
DIP-60750N,0.0031201248049922,0.0
DIP-29839N,0.0046801872074883,1.4625585023400937e-05
DIP-24204N,0.0031201248049922,4.875195007800312e-06
DIP-32521N,0.0015600624024961,0.0
DIP-40869N,0.0015600624024961,0.0
DIP-29021N,0.0015600624024961,0.0
DIP-60343N,0.0031201248049922,0.0
DIP-606N,0.0046801872074883,2.437597503900156e-05
DIP-788N,0.0015600624024961,0.0
DIP-60041N,0.0015600624024961,0.0
DIP-59127N,0.0015600624024961,0.0
DIP-29832N,0.0015600624024961,0.0
DIP-46106N,0.0,0.0
DIP-46059N,0.0031201248049922,0.0
DIP-48690N,0.0015600624024961,0.0
DIP-36407N,0.0015600624024961,0.0
DIP-33254N,0.0015600624024961,0.0
DIP-29766N,0.0031201248049922,0.0
DIP-24203N,0.0015600624024961,0.0
DIP-36887N,0.0015600624024961,0.0
DIP-48423N,0.0015600624024961,0.0
DIP-60743N,0.0015600624024961,0.0
DIP-1164N,0.0,0.0
DIP-61326N,0.0015600624024961,0.0
DIP-57661N,0.0015600624024961,0.0
DIP-33255N,0.0,0.0
DIP-639N,0.0015600624024961,0.0
DIP-29866N,0.0015600624024961,0.0
DIP-29698N,0.0078003120124804995,0.00019988299531981278
DIP-59714N,0.0015600624024961,0.0
DIP-46314N,0.0046801872074883,1.4625585023400937e-05
DIP-5966N,0.0015600624024961,0.0
DIP-60713N,0.0015600624024961,0.0
DIP-869N,0.0015600624024961,0.0
DIP-60432N,0.0015600624024961,0.0
DIP-516N,0.0062402496099844,0.00013650546021840875
DIP-6112N,0.0031201248049922,4.875195007800312e-06
DIP-44833N,0.0015600624024961,0.0
DIP-5740N,0.0015600624024961,0.0
DIP-61327N,0.0015600624024961,0.0
DIP-35759N,0.0015600624024961,0.0
DIP-2661N,0.0031201248049922,0.0
DIP-24261N,0.0015600624024961,0.0
DIP-119N,0.0015600624024961,0.0
DIP-29256N,0.0046801872074883,0.0013260530421216848
DIP-53073N,0.0015600624024961,0.0
DIP-47656N,0.0046801872074883,0.0019500780031201249
DIP-29905N,0.0015600624024961,0.0
DIP-37114N,0.0015600624024961,0.0
DIP-29066N,0.0062402496099844,0.00014869344773790953
DIP-60305N,0.0015600624024961,0.0
DIP-60008N,0.0015600624024961,0.0
DIP-60963N,0.0015600624024961,0.0
DIP-33272N,0.0015600624024961,0.0
DIP-31124N,0.0015600624024961,0.0
DIP-59249N,0.0031201248049922,4.875195007800312e-06
DIP-29078N,0.0015600624024961,0.0
DIP-2262N,0.0015600624024961,0.0
DIP-60791N,0.0015600624024961,0.0
DIP-60433N,0.0015600624024961,0.0
DIP-42010N,0.0015600624024961,0.0
DIP-32160N,0.0031201248049922,0.0
DIP-225N,0.0031201248049922,4.875195007800312e-06
DIP-29843N,0.0015600624024961,0.0
DIP-346N,0.0015600624024961,0.0
DIP-40867N,0.0015600624024961,0.0
DIP-48902N,0.0031201248049922,0.0
DIP-299N,0.0046801872074883,7.312792511700468e-05
DIP-46223N,0.0062402496099844,2.9251170046801874e-05
DIP-33702N,0.0046801872074883,3.9001560062402496e-05
DIP-38940N,0.0062402496099844,0.0005484594383775351
DIP-60986N,0.0015600624024961,0.0
DIP-33604N,0.0015600624024961,0.0
DIP-46161N,0.0046801872074883,9.262870514820593e-05
DIP-59941N,0.0015600624024961,0.0
DIP-60063N,0.0031201248049922,0.0
DIP-44062N,0.0031201248049922,0.0
DIP-59214N,0.0015600624024961,0.0
DIP-249N,0.0015600624024961,0.0
DIP-29763N,0.0015600624024961,0.0
DIP-5974N,0.0015600624024961,0.0
DIP-46144N,0.0015600624024961,0.0
DIP-5962N,0.0062402496099844,0.0001608814352574103
DIP-1059N,0.0015600624024961,0.0
DIP-29591N,0.0015600624024961,0.0
DIP-125N,0.0015600624024961,0.0
DIP-618N,0.0031201248049922,0.0005484594383775351
DIP-41279N,0.0062402496099844,0.0003656396255850234
DIP-32368N,0.0015600624024961,0.0
DIP-586N,0.0015600624024961,0.0
DIP-35337N,0.0015600624024961,0.0
DIP-60561N,0.0031201248049922,0.0
DIP-6041N,0.0015600624024961,0.0
DIP-59715N,0.0015600624024961,0.0
DIP-373N,0.0015600624024961,0.0
DIP-50368N,0.0015600624024961,0.0
DIP-42063N,0.0015600624024961,0.0
DIP-29206N,0.0015600624024961,0.0
DIP-28139N,0.0015600624024961,0.0
DIP-58546N,0.0124804992199688,0.00013650546021840875
DIP-46795N,0.0031201248049922,0.0
DIP-46501N,0.0062402496099844,0.0010091653666146646
DIP-267N,0.0062402496099844,2.9251170046801874e-05
DIP-499N,0.0015600624024961,0.0
DIP-60383N,0.0031201248049922,0.0
DIP-59601N,0.0031201248049922,4.875195007800312e-06
DIP-44088N,0.0015600624024961,0.0
DIP-485N,0.0015600624024961,0.0
DIP-17016N,0.0062402496099844,2.9251170046801874e-05
DIP-32709N,0.0015600624024961,0.0
DIP-36968N,0.0015600624024961,0.0
DIP-464N,0.0015600624024961,0.0
DIP-41365N,0.0015600624024961,0.0
DIP-39742N,0.0015600624024961,0.0
DIP-61263N,0.0015600624024961,0.0
DIP-59093N,0.0015600624024961,0.0
DIP-35287N,0.0015600624024961,0.0
DIP-46025N,0.0031201248049922,4.875195007800312e-06
DIP-60518N,0.0015600624024961,0.0
DIP-59551N,0.0046801872074883,0.0
DIP-41263N,0.0031201248049922,2.6813572542901716e-05
DIP-39461N,0.0015600624024961,0.0
DIP-302N,0.0015600624024961,0.0
DIP-63N,0.0015600624024961,0.0
DIP-59342N,0.0015600624024961,0.0
DIP-1559N,0.0015600624024961,0.0
DIP-48395N,0.0046801872074883,0.0
DIP-48901N,0.0015600624024961,0.0
DIP-37068N,0.0015600624024961,0.0
DIP-42209N,0.0015600624024961,0.0
DIP-48329N,0.0,0.0
DIP-29352N,0.0062402496099844,0.0
DIP-40507N,0.0062402496099844,5.850234009360375e-05
DIP-552N,0.0015600624024961,0.0
DIP-30987N,0.0015600624024961,0.0
DIP-29119N,0.0015600624024961,0.0
DIP-59689N,0.0015600624024961,0.0
DIP-49024N,0.0031201248049922,3.9001560062402496e-05
DIP-59340N,0.0031201248049922,0.0
DIP-61095N,0.0015600624024961,0.0
DIP-38953N,0.0046801872074883,4.3876755070202806e-05
DIP-41720N,0.0046801872074883,0.0
DIP-6131N,0.0046801872074883,0.000187695007800312
DIP-48879N,0.0031201248049922,0.0
DIP-44897N,0.0,0.0
DIP-33893N,0.0,0.0
DIP-59488N,0.0015600624024961,0.0
DIP-34031N,0.0031201248049922,0.0
DIP-6114N,0.0015600624024961,0.0
DIP-29847N,0.0015600624024961,0.0
DIP-59191N,0.0046801872074883,0.0016502535101404056
DIP-37314N,0.0031201248049922,4.875195007800312e-06
DIP-41848N,0.0015600624024961,0.0
DIP-30849N,0.0015600624024961,0.0
DIP-30941N,0.0078003120124804995,0.0007678432137285491
DIP-44911N,0.0015600624024961,0.0
DIP-29265N,0.0015600624024961,0.0
DIP-29767N,0.0046801872074883,0.0
DIP-30979N,0.0031201248049922,0.0
DIP-41816N,0.0015600624024961,0.0
DIP-217N,0.0062402496099844,4.3876755070202806e-05
DIP-60742N,0.0015600624024961,0.0
DIP-1071N,0.0015600624024961,0.0
DIP-33262N,0.0015600624024961,0.0
DIP-34554N,0.0015600624024961,0.0
DIP-108N,0.0187207488299532,0.0008555967238689547
DIP-5791N,0.0015600624024961,0.0
DIP-582N,0.0031201248049922,9.750390015600624e-06
DIP-31527N,0.0031201248049922,0.0
DIP-2662N,0.0031201248049922,0.0
DIP-29589N,0.0031201248049922,0.00021450858034321373
DIP-46315N,0.0015600624024961,0.0
DIP-59096N,0.0015600624024961,0.0
DIP-41144N,0.0015600624024961,0.0
DIP-29699N,0.0015600624024961,0.0
DIP-47397N,0.0046801872074883,9.750390015600624e-06
DIP-60681N,0.0015600624024961,0.0
DIP-29865N,0.0015600624024961,0.0
DIP-392N,0.0015600624024961,0.0
DIP-50866N,0.0015600624024961,0.0
DIP-49008N,0.0,0.0
DIP-29202N,0.0015600624024961,0.0
DIP-33404N,0.0031201248049922,1.7063182527301093e-05
DIP-31970N,0.0031201248049922,0.0
DIP-46497N,0.0031201248049922,4.875195007800312e-06
DIP-30952N,0.0124804992199688,0.004048849453978159
DIP-48660N,0.0015600624024961,0.0
DIP-37486N,0.0093603744149766,0.000797094383775351
DIP-118N,0.0015600624024961,0.0
DIP-59942N,0.0015600624024961,0.0
DIP-554N,0.0015600624024961,0.0
DIP-60875N,0.0031201248049922,4.875195007800312e-06
DIP-60988N,0.0031201248049922,0.0
DIP-46337N,0.0,0.0
DIP-30882N,0.0015600624024961,0.0
DIP-61290N,0.0015600624024961,0.0
